,E,Gg,Gn1,J,chs,lwave,J_ID
0,207.8688118057168,61.27416164161875,0.7294213966984607,3.0,1.0,0.0,1.0
1,214.0869875232917,66.31136310186115,23.051194045639424,3.0,1.0,0.0,1.0
2,217.30902914569293,63.84393665895027,95.13185404542762,3.0,1.0,0.0,1.0
3,220.06814211304837,67.20103049465081,23.775496182318538,3.0,1.0,0.0,1.0
